pmed.pure,v.tot,v.med,v.dir,n.med,pval.cut,n.direct
0.0371757117757434,812219.681577231,30194.8447809012,697339.299656468,2,0.05,14
