pmed.pure,v.tot,v.med,v.dir,n.med,pval.cut,n.direct
0.168907880681407,532471.961892899,89938.7106056004,385295.633547784,6,0.05,13
