pmed.pure,v.tot,v.med,v.dir,n.med,pval.cut
0,9826.03648930801,0,9826.03648930801,0,0.05
