pmed.pure,v.tot,v.med,v.dir,n.med,pval.cut
0,8542.02507635626,0,8542.02507635626,0,0.05
