pmed.pure,v.tot,v.med,v.dir,n.med,pval.cut,n.direct
0.19008368644845,216308.499933041,41116.7170774067,128642.362740135,3,0.05,7
