pmed.pure,v.tot,v.med,v.dir,n.med,pval.cut
0,2490.41564062109,0,2490.41564062109,0,0.05
