pmed.pure,v.tot,v.med,v.dir,n.med,pval.cut,n.direct
0.187637245588369,548932.286689515,103000.142288945,287271.957173616,5,0.05,9
