pmed.pure,v.tot,v.med,v.dir,n.med,pval.cut
0,1831.46741640873,0,1831.46741640873,0,0.05
